{
  "version": 1,
  "author": "Zeeshan Yousaf",
  "editor": "wokwi",
  "parts": [
    { "type": "wokwi-breadboard-half", "id": "bb1", "top": 112.2, "left": -208.4, "attrs": {} },
    { "type": "wokwi-esp32-devkit-v1", "id": "esp", "top": 94.05, "left": -567.84, "attrs": {} },
    {
      "type": "wokwi-resistor",
      "id": "r1",
      "top": 165,
      "left": -743.68,
      "attrs": { "value": "1000" }
    },
    {
      "type": "wokwi-resistor",
      "id": "r2",
      "top": 53.02,
      "left": -423.09,
      "attrs": { "value": "1000" }
    },
    {
      "type": "wokwi-photoresistor-sensor",
      "id": "gs1",
      "top": -143.31,
      "left": -191.3,
      "attrs": { "volume": "0.1" }
    },
    {
      "type": "wokwi-buzzer",
      "id": "bz1",
      "top": -116.22,
      "left": -504.07,
      "attrs": { "volume": "201" }
    },
    {
      "type": "wokwi-dht22",
      "id": "dht1",
      "top": -231.65,
      "left": -309.68,
      "attrs": { "temperature": "-6.5", "humidity": "50" }
    },
    {
      "type": "wokwi-led",
      "id": "led1",
      "top": -13.2,
      "left": -879.4,
      "attrs": { "color": "red" }
    },
    {
      "type": "wokwi-stepper-motor",
      "id": "stepper2",
      "top": -301.16,
      "left": -887.45,
      "attrs": { "size": "17" }
    },
    {
      "type": "wokwi-lcd1602",
      "id": "lcd1",
      "top": -115.67,
      "left": 108.52,
      "attrs": { "pins": "i2c" }
    },
    { "type": "chip-soil_sensor", "id": "chip1", "top": 339.22, "left": 187.23, "attrs": {} },
    {
      "type": "wokwi-pir-motion-sensor",
      "id": "pir1",
      "top": 320.42,
      "left": -786.56,
      "attrs": {}
    }
  ],
  "connections": [
    [ "esp:TX0", "$serialMonitor:RX", "", [] ],
    [ "esp:RX0", "$serialMonitor:TX", "", [] ],
    [ "esp:3V3", "bb1:bp.1", "red", [ "h53.84", "v32.18" ] ],
    [ "esp:GND.1", "bb1:bn.1", "black", [ "h37.39", "v91.67", "h254.75" ] ],
    [ "dht1:SDA", "esp:D15", "yellow", [ "v0" ] ],
    [ "dht1:VCC", "bb1:bp.3", "red", [ "v0" ] ],
    [ "dht1:GND", "bb1:bn.3", "black", [ "v236.45", "h116.68" ] ],
    [ "bz1:2", "r2:1", "red", [ "v0" ] ],
    [ "bz1:1", "esp:GND.2", "black", [ "v17.06", "h-124.16", "v254.15" ] ],
    [ "gs1:VCC", "bb1:tp.16", "red", [ "h0" ] ],
    [ "gs1:GND", "bb1:tn.18", "black", [ "h0" ] ],
    [ "bb1:bn.25", "bb1:tn.25", "black", [ "v0.99", "h45.46", "v-174.24" ] ],
    [ "bb1:tp.25", "bb1:bp.25", "red", [ "v-2.37", "h71.71", "v175.43" ] ],
    [ "esp:D13", "gs1:DOUT", "green", [ "h487.61", "v-144.77" ] ],
    [ "led1:A", "r1:1", "red", [ "v0" ] ],
    [ "led1:C", "esp:GND.2", "black", [ "v0" ] ],
    [ "gs1:AO", "esp:VP", "yellow", [ "h-1.3", "v105.85", "h-568.39", "v102.98" ] ],
    [ "r1:2", "esp:D13", "red", [ "v-0.73", "h49.76", "v63.63" ] ],
    [ "r2:2", "esp:D2", "red", [ "v96.33", "h-0.49", "v69.45" ] ],
    [ "stepper2:B-", "esp:D12", "green", [ "v76.53", "h173.09", "v270.29" ] ],
    [ "esp:D14", "stepper2:B+", "green", [ "h0" ] ],
    [ "stepper2:A+", "esp:D26", "green", [ "v30.39", "h157.7", "v149.98" ] ],
    [ "esp:D25", "stepper2:A-", "green", [ "h0" ] ],
    [ "lcd1:GND", "bb1:tn.21", "black", [ "h0" ] ],
    [ "lcd1:VCC", "bb1:tp.24", "red", [ "h0" ] ],
    [ "lcd1:SDA", "esp:D21", "green", [ "h-463.07", "v72.87" ] ],
    [ "lcd1:SCL", "esp:D22", "green", [ "h-337.63", "v179.44", "h-241.43" ] ],
    [ "chip1:GND", "bb1:bn.24", "black", [ "h0" ] ],
    [ "chip1:VCC", "bb1:bp.21", "red", [ "h0" ] ],
    [ "esp:D34", "chip1:A0", "yellow", [ "h-46.59", "v2.59" ] ],
    [ "pir1:OUT", "esp:D27", "yellow", [ "v14.97", "h153.98", "v-223.61" ] ],
    [ "pir1:VCC", "bb1:bp.4", "red", [ "v24.9", "h560.69", "v-53.56", "h81.16" ] ],
    [ "pir1:GND", "bb1:bn.6", "black", [ "v1.16", "h631.78" ] ]
  ],
  "dependencies": {}
}